,Unnamed: 0,command,state,startup,DMG,GC,direction,height
2271,0,"A+B,A",Grd,6,0,15,"y,x","m,h"
2272,0,"A+B,A",Grd,6,0,15,"y,x","m,h"
2273,0,"A+B,AA",Grd,6,0,15,"y,x, x","m,h,h"
2274,0,"A+B,AA",Grd,6,0,15,"y,x, x","m,h,h"
2275,0,"A+B,AAA",Grd,6,0,15,"y,x, x, x ","m,h,h,m"
2276,0,"A+B,AAA",Grd,6,0,15,"y,x, x, x ","m,h,h,m"
2277,0,"A+B,AB",Grd,6,0,15,"y,x, y","m,h,m"
2280,0,"A+B,AB",Grd,6,0,15,"y,x, y","m,h,m"
2283,0,"A+B,2A",Grd,10,0,15,"y,x","m,sl"
2284,0,"A+B,2AK",Grd,10,0,15,"y,x","m,sl"
2285,0,"A+B,2A6K",Grd,10,0,15,"y,x","m,sl"
2286,0,"A+B,2A4K",Grd,10,0,15,"y,x","m,sl"
2293,0,"A+B,B",Grd,10,0,15,"y,y","m,m"
2298,0,"A+B,BA",Grd,10,0,15,"y,y, x","m,m,h"
2303,0,"A+B,BB",Grd,10,0,15,"y,y, y","m,m,m"
2308,0,"A+B,BBB",Grd,10,0,15,"y,y, y, y","m,m,m,m"
2313,0,"A+B,BBK",Grd,10,0,15,"y,y, y","m,m,m"
2318,0,"A+B,BB6K",Grd,10,0,15,"y,y, y","m,m,m"
2323,0,"A+B,BB4K",Grd,10,0,15,"y,y, y","m,m,m"
2330,0,"A+B,6B",Grd,10,0,15,"y,y","m,m"
2331,0,"A+B,6BA",Grd,10,0,15,"y,y, x","m,m, h"
2334,0,"A+B,6BaB",Grd,10,0,15,"y,y, y","m,m, m"
2339,0,"A+B,6BB",Grd,10,0,15,"y,y, y","m,m, m"
2374,0,"A+B,A+B+K",Grd,10,0,15,"y,y","m,m"
2375,0,"A+B,fcA",Grd,10,0,15,"y,x","m,sl"
2376,0,"A+B,fcAK",Grd,10,0,15,"y,x","m,sl"
2377,0,"A+B,fcA6K",Grd,10,0,15,"y,x","m,sl"
2378,0,"A+B,fcA4K",Grd,10,0,15,"y,x","m,sl"
2385,0,"A+B,fcB",Grd,10,0,15,"y,y","m,m"
2388,0,"A+B,fc1B",Grd,8,0,15,"y,y","m,m"
2389,0,"A+B,fc1B",Grd,8,0,15,"y,y","m,m"
2390,0,"A+B,fcA+B",Grd,8,0,15,"y,y","m,m"
2391,0,"A+B,fcA+B",Grd,8,0,15,"y,y","m,m"
2392,0,"A+B,fcA+BK",Grd,8,0,15,"y,y","m,m"
2393,0,"A+B,fcA+BK",Grd,8,0,15,"y,y","m,m"
2394,0,"A+B,fcA+B6K",Grd,8,0,15,"y,y","m,m"
2395,0,"A+B,fcA+B6K",Grd,8,0,15,"y,y","m,m"
2396,0,"A+B,fcA+B4K",Grd,8,0,15,"y,y","m,m"
2397,0,"A+B,fcA+B4K",Grd,8,0,15,"y,y","m,m"
2398,0,"A+B,wsB",Grd,10,0,15,"y,y","m,m"
2399,0,"A+B,wsBB",Grd,10,0,15,"y,y, y","m,m,m"
2426,0,"A+B,BT A",Grd,10,0,15,"y,x","m,h"
2427,0,"A+B,BT 2A",Grd,10,0,15,"y,x","m,sl"
2462,0,"sword A+B,AB",Grd,-2,0,15,"y,x, y","m,h,m"
2465,0,"sword A+B,AB",Grd,-2,0,15,"y,x, y","m,h,m"
2468,0,"sword A+B,6A",Grd,6,0,15,"y,x","m,h"
2469,0,"sword A+B,6A",Grd,6,0,15,"y,x","m,h"
2470,0,"sword A+B,6AA",Grd,6,0,15,"y,x, x","m,h, h"
2471,0,"sword A+B,6AA",Grd,6,0,15,"y,x, x","m,h, h"
2472,0,"sword A+B,3A",Grd,8,0,15,"y,x","m,m"
2473,0,"sword A+B,3A",Grd,8,0,15,"y,x","m,m"
2474,0,"sword A+B,2A",Grd,2,0,15,"y,x","m,sl"
2475,0,"sword A+B,2A",Grd,2,0,15,"y,x","m,sl"
2476,0,"sword A+B,2AK",Grd,2,0,15,"y,x","m,sl"
2477,0,"sword A+B,2AK",Grd,2,0,15,"y,x","m,sl"
2478,0,"sword A+B,2A6K",Grd,2,0,15,"y,x","m,sl"
2479,0,"sword A+B,2A6K",Grd,2,0,15,"y,x","m,sl"
2480,0,"sword A+B,2A4K",Grd,2,0,15,"y,x","m,sl"
2481,0,"sword A+B,2A4K",Grd,2,0,15,"y,x","m,sl"
2486,0,"sword A+B,4A",Grd,8,0,15,"y,x","m,h"
2487,0,"sword A+B,4A",Grd,8,0,15,"y,x","m,h"
2488,0,"sword A+B,B",Grd,2,0,15,"y,y","m,m"
2491,0,"sword A+B,B",Grd,2,0,15,"y,y","m,m"
2494,0,"sword A+B,BA",Grd,2,0,15,"y,y, x","m,m,h"
2497,0,"sword A+B,BA",Grd,2,0,15,"y,y, x","m,m,h"
2500,0,"sword A+B,BB",Grd,2,0,15,"y,y, y","m,m,m"
2503,0,"sword A+B,BB",Grd,2,0,15,"y,y, y","m,m,m"
2506,0,"sword A+B,BBB",Grd,2,0,15,"y,y, y, y","m,m,m,m"
2509,0,"sword A+B,BBB",Grd,2,0,15,"y,y, y, y","m,m,m,m"
2512,0,"sword A+B,BBK",Grd,2,0,15,"y,y, y","m,m,m"
2515,0,"sword A+B,BBK",Grd,2,0,15,"y,y, y","m,m,m"
2518,0,"sword A+B,BB6K",Grd,2,0,15,"y,y, y","m,m,m"
2521,0,"sword A+B,BB6K",Grd,2,0,15,"y,y, y","m,m,m"
2524,0,"sword A+B,BB4K",Grd,2,0,15,"y,y, y","m,m,m"
2527,0,"sword A+B,BB4K",Grd,2,0,15,"y,y, y","m,m,m"
2530,0,"sword A+B,b6",Grd,10,0,15,"y,y","m,m"
2531,0,"sword A+B,b4",Grd,4,0,15,"y,y","m,m"
2534,0,"sword A+B,b4",Grd,4,0,15,"y,y","m,m"
2537,0,"sword A+B,6B",Grd,2,0,15,"y,y","m,m"
2538,0,"sword A+B,6B",Grd,2,0,15,"y,y","m,m"
2539,0,"sword A+B,6BA",Grd,2,0,15,"y,y, x","m,m, h"
2540,0,"sword A+B,6BA",Grd,2,0,15,"y,y, x","m,m, h"
2541,0,"sword A+B,6BaB",Grd,2,0,15,"y,y, y","m,m, m"
2544,0,"sword A+B,6BaB",Grd,2,0,15,"y,y, y","m,m, m"
2547,0,"sword A+B,6BB",Grd,2,0,15,"y,y, y","m,m, m"
2550,0,"sword A+B,6BB",Grd,2,0,15,"y,y, y","m,m, m"
2553,0,"sword A+B,3B",Grd,8,0,15,"y,y","m,m"
2556,0,"sword A+B,3B",Grd,8,0,15,"y,y","m,m"
2559,0,"sword A+B,3BB",Grd,8,0,15,"y,y, y","m,m, m"
2562,0,"sword A+B,3BB",Grd,8,0,15,"y,y, y","m,m, m"
2565,0,"sword A+B,3BBH",Grd,8,0,15,"y,y, y","m,m, m"
2568,0,"sword A+B,3BBH",Grd,8,0,15,"y,y, y","m,m, m"
2571,0,"sword A+B,2B",Grd,4,0,15,"y,y","m,m"
2572,0,"sword A+B,2B",Grd,4,0,15,"y,y","m,m"
2573,0,"sword A+B,2BB",Grd,4,0,15,"y,y, y","m,m,m"
2574,0,"sword A+B,2BB",Grd,4,0,15,"y,y, y","m,m,m"
2575,0,"sword A+B,2BBK",Grd,4,0,15,"y,y, y","m,m, m"
2576,0,"sword A+B,2BBK",Grd,4,0,15,"y,y, y","m,m, m"
2577,0,"sword A+B,2BB6K",Grd,4,0,15,"y,y, y","m,m, m"
2578,0,"sword A+B,2BB6K",Grd,4,0,15,"y,y, y","m,m, m"
2579,0,"sword A+B,2BB4K",Grd,4,0,15,"y,y, y","m,m, m"
2580,0,"sword A+B,2BB4K",Grd,4,0,15,"y,y, y","m,m, m"
2581,0,"sword A+B,1B",Grd,6,0,15,"y,y","m,l"
2582,0,"sword A+B,1B",Grd,6,0,15,"y,y","m,l"
2583,0,"sword A+B,1BB",Grd,6,0,15,"y,y, y","m,l, h"
2586,0,"sword A+B,1BB",Grd,6,0,15,"y,y, y","m,l, h"
2605,0,"sword A+B,4A+B",Grd,6,0,15,"y,y","m,m"
2606,0,"sword A+B,4A+B",Grd,6,0,15,"y,y","m,m"
2611,0,"sword A+B,A+B+K",Grd,2,0,15,"y,y","m,m"
2612,0,"sword A+B,A+B+K",Grd,2,0,15,"y,y","m,m"
2613,0,"sword A+B,fcA",Grd,2,0,15,"y,x","m,sl"
2614,0,"sword A+B,fcA",Grd,2,0,15,"y,x","m,sl"
2615,0,"sword A+B,fcAK",Grd,2,0,15,"y,x","m,sl"
2616,0,"sword A+B,fcAK",Grd,2,0,15,"y,x","m,sl"
2617,0,"sword A+B,fcA6K",Grd,2,0,15,"y,x","m,sl"
2618,0,"sword A+B,fcA6K",Grd,2,0,15,"y,x","m,sl"
2619,0,"sword A+B,fcA4K",Grd,2,0,15,"y,x","m,sl"
2620,0,"sword A+B,fcA4K",Grd,2,0,15,"y,x","m,sl"
2621,0,"sword A+B,fc3A",Grd,6,0,15,"y,x","m,h,h"
2622,0,"sword A+B,fc3A",Grd,6,0,15,"y,x","m,h,h"
2623,0,"sword A+B,fc1A",Grd,4,0,15,"y,x","m,l"
2626,0,"sword A+B,fc1A",Grd,4,0,15,"y,x","m,l"
2629,0,"sword A+B,fcB",Grd,2,0,15,"y,y","m,m"
2632,0,"sword A+B,fcB",Grd,2,0,15,"y,y","m,m"
2635,0,"sword A+B,fc3B",Grd,4,0,15,"y,y","m,m"
2636,0,"sword A+B,fc3B",Grd,4,0,15,"y,y","m,m"
2637,0,"sword A+B,fc3BB",Grd,4,0,15,"y,y","m,m,m"
2638,0,"sword A+B,fc3BB",Grd,4,0,15,"y,y","m,m,m"
2639,0,"sword A+B,wsA",Grd,6,0,15,"y,x","m,m"
2640,0,"sword A+B,wsA",Grd,6,0,15,"y,x","m,m"
2641,0,"sword A+B,wsB",Grd,2,0,15,"y,y","m,m"
2642,0,"sword A+B,wsB",Grd,2,0,15,"y,y","m,m"
2643,0,"sword A+B,wsBB",Grd,2,0,15,"y,y, y","m,m,m"
2644,0,"sword A+B,wsBB",Grd,2,0,15,"y,y, y","m,m,m"
2661,0,"sword A+B,66A",Grd,8,0,15,"y,x","m,h"
2662,0,"sword A+B,66A",Grd,8,0,15,"y,x","m,h"
2663,0,"sword A+B,22A",Grd,10,0,15,"y,x","m,h"
2664,0,"sword A+B,22AK",Grd,10,0,15,"y,x","m,h"
2665,0,"sword A+B,22A6K",Grd,10,0,15,"y,x","m,h"
2666,0,"sword A+B,22A4K",Grd,10,0,15,"y,x","m,h"
2675,0,"sword A+B,22B",Grd,8,0,15,"y,y, y","m,m"
2676,0,"sword A+B,22B",Grd,8,0,15,"y,y, y","m,m"
2677,0,"sword A+B,22BK",Grd,8,0,15,"y,y, y","m,m"
2678,0,"sword A+B,22BK",Grd,8,0,15,"y,y, y","m,m"
2679,0,"sword A+B,22B6K",Grd,8,0,15,"y,y, y","m,m"
2680,0,"sword A+B,22B6K",Grd,8,0,15,"y,y, y","m,m"
2681,0,"sword A+B,22B4K",Grd,8,0,15,"y,y, y","m,m"
2682,0,"sword A+B,22B4K",Grd,8,0,15,"y,y, y","m,m"
2687,0,"sword A+B,wrK",Grd,8,0,15,"y,y","m,l"
2690,0,"sword A+B,wrK",Grd,8,0,15,"y,y","m,l"
2693,0,"sword A+B,BT A",Grd,2,0,15,"y,x","m,h"
2694,0,"sword A+B,BT A",Grd,2,0,15,"y,x","m,h"
2695,0,"sword A+B,BT 2A",Grd,2,0,15,"y,x","m,sl"
2696,0,"sword A+B,BT 2A",Grd,2,0,15,"y,x","m,sl"
2697,0,"sword A+B,BT B",Grd,4,0,15,"y,y","m,m"
2698,0,"sword A+B,BT B",Grd,4,0,15,"y,y","m,m"
2699,0,"sword A+B,BT 2B",Grd,4,0,15,"y,y","m,m"
2700,0,"sword A+B,BT 2B",Grd,4,0,15,"y,y","m,m"
2701,0,"sword A+B,BT A+B",Grd,8,0,15,"y,y","m,m"
2702,0,"sword A+B,BT A+B",Grd,8,0,15,"y,y","m,m"
2737,0,"sword A+B,A+G",Grd,6,0,15,"y,x","m,h"
2738,0,"sword A+B,A+G",Grd,6,0,15,"y,x","m,h"
2739,0,"sword A+B,4A+G",Grd,6,0,15,"y,x","m,h"
2740,0,"sword A+B,4A+G",Grd,6,0,15,"y,x","m,h"
2741,0,"sword A+B,BT A+G",Grd,6,0,15,"y,x","m,h"
2742,0,"sword A+B,BT A+G",Grd,6,0,15,"y,x","m,h"
2743,0,"sword A+B,A+G miss",Grd,6,0,15,"y,x","m,h"
2744,0,"sword A+B,A+G miss",Grd,6,0,15,"y,x","m,h"
2745,0,"sword A+B,4A+G miss",Grd,6,0,15,"y,x","m,h"
2746,0,"sword A+B,4A+G miss",Grd,6,0,15,"y,x","m,h"
2747,0,"sword A+B,BT A+G miss",Grd,6,0,15,"y,x","m,h"
2748,0,"sword A+B,BT A+G miss",Grd,6,0,15,"y,x","m,h"
2749,0,"axe A+B,A",Grd,2,0,25,"y,x","m,h"
2750,0,"axe A+B,A",Grd,2,0,25,"y,x","m,h"
2751,0,"axe A+B,AA",Grd,2,0,25,"y,x, x","m,h,h"
2752,0,"axe A+B,AA",Grd,2,0,25,"y,x, x","m,h,h"
2753,0,"axe A+B,AAA",Grd,2,0,25,"y,x, x, x ","m,h,h,m"
2754,0,"axe A+B,AAA",Grd,2,0,25,"y,x, x, x ","m,h,h,m"
2755,0,"axe A+B,AB",Grd,2,0,25,"y,x, y","m,h,m"
2758,0,"axe A+B,AB",Grd,2,0,25,"y,x, y","m,h,m"
2761,0,"axe A+B,6A",Grd,10,0,25,"y,x","m,h"
2762,0,"axe A+B,6AA",Grd,10,0,25,"y,x, x","m,h, h"
2763,0,"axe A+B,2A",Grd,6,0,25,"y,x","m,sl"
2764,0,"axe A+B,2A",Grd,6,0,25,"y,x","m,sl"
2765,0,"axe A+B,2AK",Grd,6,0,25,"y,x","m,sl"
2766,0,"axe A+B,2AK",Grd,6,0,25,"y,x","m,sl"
2767,0,"axe A+B,2A6K",Grd,6,0,25,"y,x","m,sl"
2768,0,"axe A+B,2A6K",Grd,6,0,25,"y,x","m,sl"
2769,0,"axe A+B,2A4K",Grd,6,0,25,"y,x","m,sl"
2770,0,"axe A+B,2A4K",Grd,6,0,25,"y,x","m,sl"
2775,0,"axe A+B,B",Grd,6,0,25,"y,y","m,m"
2778,0,"axe A+B,B",Grd,6,0,25,"y,y","m,m"
2781,0,"axe A+B,BA",Grd,6,0,25,"y,y, x","m,m,h"
2784,0,"axe A+B,BA",Grd,6,0,25,"y,y, x","m,m,h"
2787,0,"axe A+B,BB",Grd,6,0,25,"y,y, y","m,m,m"
2790,0,"axe A+B,BB",Grd,6,0,25,"y,y, y","m,m,m"
2793,0,"axe A+B,BBB",Grd,6,0,25,"y,y, y, y","m,m,m,m"
2796,0,"axe A+B,BBB",Grd,6,0,25,"y,y, y, y","m,m,m,m"
2799,0,"axe A+B,BBK",Grd,6,0,25,"y,y, y","m,m,m"
2802,0,"axe A+B,BBK",Grd,6,0,25,"y,y, y","m,m,m"
2805,0,"axe A+B,BB6K",Grd,6,0,25,"y,y, y","m,m,m"
2808,0,"axe A+B,BB6K",Grd,6,0,25,"y,y, y","m,m,m"
2811,0,"axe A+B,BB4K",Grd,6,0,25,"y,y, y","m,m,m"
2814,0,"axe A+B,BB4K",Grd,6,0,25,"y,y, y","m,m,m"
2817,0,"axe A+B,b4",Grd,8,0,25,"y,y","m,m"
2820,0,"axe A+B,b4",Grd,8,0,25,"y,y","m,m"
2823,0,"axe A+B,6B",Grd,6,0,25,"y,y","m,m"
2824,0,"axe A+B,6B",Grd,6,0,25,"y,y","m,m"
2825,0,"axe A+B,6BA",Grd,6,0,25,"y,y, x","m,m, h"
2826,0,"axe A+B,6BA",Grd,6,0,25,"y,y, x","m,m, h"
2827,0,"axe A+B,6BaB",Grd,6,0,25,"y,y, y","m,m, m"
2830,0,"axe A+B,6BaB",Grd,6,0,25,"y,y, y","m,m, m"
2833,0,"axe A+B,6BB",Grd,6,0,25,"y,y, y","m,m, m"
2836,0,"axe A+B,6BB",Grd,6,0,25,"y,y, y","m,m, m"
2851,0,"axe A+B,2B",Grd,8,0,25,"y,y","m,m"
2852,0,"axe A+B,2B",Grd,8,0,25,"y,y","m,m"
2853,0,"axe A+B,2BB",Grd,8,0,25,"y,y, y","m,m,m"
2854,0,"axe A+B,2BB",Grd,8,0,25,"y,y, y","m,m,m"
2855,0,"axe A+B,2BBK",Grd,8,0,25,"y,y, y","m,m, m"
2856,0,"axe A+B,2BBK",Grd,8,0,25,"y,y, y","m,m, m"
2857,0,"axe A+B,2BB6K",Grd,8,0,25,"y,y, y","m,m, m"
2858,0,"axe A+B,2BB6K",Grd,8,0,25,"y,y, y","m,m, m"
2859,0,"axe A+B,2BB4K",Grd,8,0,25,"y,y, y","m,m, m"
2860,0,"axe A+B,2BB4K",Grd,8,0,25,"y,y, y","m,m, m"
2861,0,"axe A+B,1B",Grd,10,0,25,"y,y","m,l"
2864,0,"axe A+B,1BB",Grd,10,0,25,"y,y, y","m,l, h"
2879,0,"axe A+B,4A+B",Grd,10,0,25,"y,y","m,m"
2888,0,"axe A+B,A+B+K",Grd,6,0,25,"y,y","m,m"
2889,0,"axe A+B,A+B+K",Grd,6,0,25,"y,y","m,m"
2890,0,"axe A+B,fcA",Grd,6,0,25,"y,x","m,sl"
2891,0,"axe A+B,fcA",Grd,6,0,25,"y,x","m,sl"
2892,0,"axe A+B,fcAK",Grd,6,0,25,"y,x","m,sl"
2893,0,"axe A+B,fcAK",Grd,6,0,25,"y,x","m,sl"
2894,0,"axe A+B,fcA6K",Grd,6,0,25,"y,x","m,sl"
2895,0,"axe A+B,fcA6K",Grd,6,0,25,"y,x","m,sl"
2896,0,"axe A+B,fcA4K",Grd,6,0,25,"y,x","m,sl"
2897,0,"axe A+B,fcA4K",Grd,6,0,25,"y,x","m,sl"
2898,0,"axe A+B,fc3A",Grd,10,0,25,"y,x","m,h,h"
2899,0,"axe A+B,fc1A",Grd,8,0,25,"y,x","m,l"
2902,0,"axe A+B,fc1A",Grd,8,0,25,"y,x","m,l"
2905,0,"axe A+B,fcB",Grd,6,0,25,"y,y","m,m"
2908,0,"axe A+B,fcB",Grd,6,0,25,"y,y","m,m"
2911,0,"axe A+B,fc3B",Grd,8,0,25,"y,y","m,m"
2912,0,"axe A+B,fc3B",Grd,8,0,25,"y,y","m,m"
2913,0,"axe A+B,fc3BB",Grd,8,0,25,"y,y","m,m,m"
2914,0,"axe A+B,fc3BB",Grd,8,0,25,"y,y","m,m,m"
2915,0,"axe A+B,fc1B",Grd,4,0,25,"y,y","m,m"
2916,0,"axe A+B,fc1B",Grd,4,0,25,"y,y","m,m"
2917,0,"axe A+B,fcA+B",Grd,4,0,25,"y,y","m,m"
2918,0,"axe A+B,fcA+B",Grd,4,0,25,"y,y","m,m"
2919,0,"axe A+B,fcA+BK",Grd,4,0,25,"y,y","m,m"
2920,0,"axe A+B,fcA+BK",Grd,4,0,25,"y,y","m,m"
2921,0,"axe A+B,fcA+B6K",Grd,4,0,25,"y,y","m,m"
2922,0,"axe A+B,fcA+B6K",Grd,4,0,25,"y,y","m,m"
2923,0,"axe A+B,fcA+B4K",Grd,4,0,25,"y,y","m,m"
2924,0,"axe A+B,fcA+B4K",Grd,4,0,25,"y,y","m,m"
2925,0,"axe A+B,wsA",Grd,10,0,25,"y,x","m,m"
2926,0,"axe A+B,wsB",Grd,6,0,25,"y,y","m,m"
2927,0,"axe A+B,wsB",Grd,6,0,25,"y,y","m,m"
2928,0,"axe A+B,wsBB",Grd,6,0,25,"y,y, y","m,m,m"
2929,0,"axe A+B,wsBB",Grd,6,0,25,"y,y, y","m,m,m"
2962,0,"axe A+B,BT A",Grd,6,0,25,"y,x","m,h"
2963,0,"axe A+B,BT A",Grd,6,0,25,"y,x","m,h"
2964,0,"axe A+B,BT 2A",Grd,6,0,25,"y,x","m,sl"
2965,0,"axe A+B,BT 2A",Grd,6,0,25,"y,x","m,sl"
2966,0,"axe A+B,BT B",Grd,8,0,25,"y,y","m,m"
2967,0,"axe A+B,BT B",Grd,8,0,25,"y,y","m,m"
2968,0,"axe A+B,BT 2B",Grd,8,0,25,"y,y","m,m"
2969,0,"axe A+B,BT 2B",Grd,8,0,25,"y,y","m,m"
3004,0,"axe A+B,A+G",Grd,10,0,25,"y,x","m,h"
3005,0,"axe A+B,4A+G",Grd,10,0,25,"y,x","m,h"
3006,0,"axe A+B,BT A+G",Grd,10,0,25,"y,x","m,h"
3007,0,"axe A+B,A+G miss",Grd,10,0,25,"y,x","m,h"
3008,0,"axe A+B,4A+G miss",Grd,10,0,25,"y,x","m,h"
3009,0,"axe A+B,BT A+G miss",Grd,10,0,25,"y,x","m,h"
3010,0,"spear A+B,A",Grd,2,0,15,"y,x","m,h"
3011,0,"spear A+B,A",Grd,2,0,15,"y,x","m,h"
3012,0,"spear A+B,AA",Grd,2,0,15,"y,x, x","m,h,h"
3013,0,"spear A+B,AA",Grd,2,0,15,"y,x, x","m,h,h"
3014,0,"spear A+B,AAA",Grd,2,0,15,"y,x, x, x ","m,h,h,m"
3015,0,"spear A+B,AAA",Grd,2,0,15,"y,x, x, x ","m,h,h,m"
3016,0,"spear A+B,AB",Grd,2,0,15,"y,x, y","m,h,m"
3019,0,"spear A+B,AB",Grd,2,0,15,"y,x, y","m,h,m"
3022,0,"spear A+B,6A",Grd,10,0,15,"y,x","m,h"
3023,0,"spear A+B,6AA",Grd,10,0,15,"y,x, x","m,h, h"
3024,0,"spear A+B,2A",Grd,6,0,15,"y,x","m,sl"
3025,0,"spear A+B,2A",Grd,6,0,15,"y,x","m,sl"
3026,0,"spear A+B,2AK",Grd,6,0,15,"y,x","m,sl"
3027,0,"spear A+B,2AK",Grd,6,0,15,"y,x","m,sl"
3028,0,"spear A+B,2A6K",Grd,6,0,15,"y,x","m,sl"
3029,0,"spear A+B,2A6K",Grd,6,0,15,"y,x","m,sl"
3030,0,"spear A+B,2A4K",Grd,6,0,15,"y,x","m,sl"
3031,0,"spear A+B,2A4K",Grd,6,0,15,"y,x","m,sl"
3036,0,"spear A+B,B",Grd,6,0,15,"y,y","m,m"
3039,0,"spear A+B,B",Grd,6,0,15,"y,y","m,m"
3042,0,"spear A+B,BA",Grd,6,0,15,"y,y, x","m,m,h"
3045,0,"spear A+B,BA",Grd,6,0,15,"y,y, x","m,m,h"
3048,0,"spear A+B,BB",Grd,6,0,15,"y,y, y","m,m,m"
3051,0,"spear A+B,BB",Grd,6,0,15,"y,y, y","m,m,m"
3054,0,"spear A+B,BBB",Grd,6,0,15,"y,y, y, y","m,m,m,m"
3057,0,"spear A+B,BBB",Grd,6,0,15,"y,y, y, y","m,m,m,m"
3060,0,"spear A+B,BBK",Grd,6,0,15,"y,y, y","m,m,m"
3063,0,"spear A+B,BBK",Grd,6,0,15,"y,y, y","m,m,m"
3066,0,"spear A+B,BB6K",Grd,6,0,15,"y,y, y","m,m,m"
3069,0,"spear A+B,BB6K",Grd,6,0,15,"y,y, y","m,m,m"
3072,0,"spear A+B,BB4K",Grd,6,0,15,"y,y, y","m,m,m"
3075,0,"spear A+B,BB4K",Grd,6,0,15,"y,y, y","m,m,m"
3078,0,"spear A+B,b4",Grd,8,0,15,"y,y","m,m"
3081,0,"spear A+B,b4",Grd,8,0,15,"y,y","m,m"
3084,0,"spear A+B,6B",Grd,6,0,15,"y,y","m,m"
3085,0,"spear A+B,6B",Grd,6,0,15,"y,y","m,m"
3086,0,"spear A+B,6BA",Grd,6,0,15,"y,y, x","m,m, h"
3087,0,"spear A+B,6BA",Grd,6,0,15,"y,y, x","m,m, h"
3088,0,"spear A+B,6BaB",Grd,6,0,15,"y,y, y","m,m, m"
3091,0,"spear A+B,6BaB",Grd,6,0,15,"y,y, y","m,m, m"
3094,0,"spear A+B,6BB",Grd,6,0,15,"y,y, y","m,m, m"
3097,0,"spear A+B,6BB",Grd,6,0,15,"y,y, y","m,m, m"
3112,0,"spear A+B,2B",Grd,8,0,15,"y,y","m,m"
3113,0,"spear A+B,2B",Grd,8,0,15,"y,y","m,m"
3114,0,"spear A+B,2BB",Grd,8,0,15,"y,y, y","m,m,m"
3115,0,"spear A+B,2BB",Grd,8,0,15,"y,y, y","m,m,m"
3116,0,"spear A+B,2BBK",Grd,8,0,15,"y,y, y","m,m, m"
3117,0,"spear A+B,2BBK",Grd,8,0,15,"y,y, y","m,m, m"
3118,0,"spear A+B,2BB6K",Grd,8,0,15,"y,y, y","m,m, m"
3119,0,"spear A+B,2BB6K",Grd,8,0,15,"y,y, y","m,m, m"
3120,0,"spear A+B,2BB4K",Grd,8,0,15,"y,y, y","m,m, m"
3121,0,"spear A+B,2BB4K",Grd,8,0,15,"y,y, y","m,m, m"
3122,0,"spear A+B,1B",Grd,10,0,15,"y,y","m,l"
3125,0,"spear A+B,1BB",Grd,10,0,15,"y,y, y","m,l, h"
3140,0,"spear A+B,4A+B",Grd,10,0,15,"y,y","m,m"
3145,0,"spear A+B,A+B+K",Grd,6,0,15,"y,y","m,m"
3146,0,"spear A+B,A+B+K",Grd,6,0,15,"y,y","m,m"
3147,0,"spear A+B,fcA",Grd,6,0,15,"y,x","m,sl"
3148,0,"spear A+B,fcA",Grd,6,0,15,"y,x","m,sl"
3149,0,"spear A+B,fcAK",Grd,6,0,15,"y,x","m,sl"
3150,0,"spear A+B,fcAK",Grd,6,0,15,"y,x","m,sl"
3151,0,"spear A+B,fcA6K",Grd,6,0,15,"y,x","m,sl"
3152,0,"spear A+B,fcA6K",Grd,6,0,15,"y,x","m,sl"
3153,0,"spear A+B,fcA4K",Grd,6,0,15,"y,x","m,sl"
3154,0,"spear A+B,fcA4K",Grd,6,0,15,"y,x","m,sl"
3155,0,"spear A+B,fc3A",Grd,10,0,15,"y,x","m,h,h"
3156,0,"spear A+B,fc1A",Grd,8,0,15,"y,x","m,l"
3159,0,"spear A+B,fc1A",Grd,8,0,15,"y,x","m,l"
3162,0,"spear A+B,fcB",Grd,6,0,15,"y,y","m,m"
3165,0,"spear A+B,fcB",Grd,6,0,15,"y,y","m,m"
3168,0,"spear A+B,fc3B",Grd,8,0,15,"y,y","m,m"
3169,0,"spear A+B,fc3B",Grd,8,0,15,"y,y","m,m"
3170,0,"spear A+B,fc3BB",Grd,8,0,15,"y,y","m,m,m"
3171,0,"spear A+B,fc3BB",Grd,8,0,15,"y,y","m,m,m"
3172,0,"spear A+B,fc1B",Grd,4,0,15,"y,y","m,m"
3173,0,"spear A+B,fc1B",Grd,4,0,15,"y,y","m,m"
3174,0,"spear A+B,fcA+B",Grd,4,0,15,"y,y","m,m"
3175,0,"spear A+B,fcA+B",Grd,4,0,15,"y,y","m,m"
3176,0,"spear A+B,fcA+BK",Grd,4,0,15,"y,y","m,m"
3177,0,"spear A+B,fcA+BK",Grd,4,0,15,"y,y","m,m"
3178,0,"spear A+B,fcA+B6K",Grd,4,0,15,"y,y","m,m"
3179,0,"spear A+B,fcA+B6K",Grd,4,0,15,"y,y","m,m"
3180,0,"spear A+B,fcA+B4K",Grd,4,0,15,"y,y","m,m"
3181,0,"spear A+B,fcA+B4K",Grd,4,0,15,"y,y","m,m"
3182,0,"spear A+B,wsA",Grd,10,0,15,"y,x","m,m"
3183,0,"spear A+B,wsB",Grd,6,0,15,"y,y","m,m"
3184,0,"spear A+B,wsB",Grd,6,0,15,"y,y","m,m"
3185,0,"spear A+B,wsBB",Grd,6,0,15,"y,y, y","m,m,m"
3186,0,"spear A+B,wsBB",Grd,6,0,15,"y,y, y","m,m,m"
3219,0,"spear A+B,BT A",Grd,6,0,15,"y,x","m,h"
3220,0,"spear A+B,BT A",Grd,6,0,15,"y,x","m,h"
3221,0,"spear A+B,BT 2A",Grd,6,0,15,"y,x","m,sl"
3222,0,"spear A+B,BT 2A",Grd,6,0,15,"y,x","m,sl"
3223,0,"spear A+B,BT B",Grd,8,0,15,"y,y","m,m"
3224,0,"spear A+B,BT B",Grd,8,0,15,"y,y","m,m"
3225,0,"spear A+B,BT 2B",Grd,8,0,15,"y,y","m,m"
3226,0,"spear A+B,BT 2B",Grd,8,0,15,"y,y","m,m"
3261,0,"spear A+B,A+G",Grd,10,0,15,"y,x","m,h"
3262,0,"spear A+B,4A+G",Grd,10,0,15,"y,x","m,h"
3263,0,"spear A+B,BT A+G",Grd,10,0,15,"y,x","m,h"
3264,0,"spear A+B,A+G miss",Grd,10,0,15,"y,x","m,h"
3265,0,"spear A+B,4A+G miss",Grd,10,0,15,"y,x","m,h"
3266,0,"spear A+B,BT A+G miss",Grd,10,0,15,"y,x","m,h"
3267,0,"AM A+B,A",Grd,2,0,15,"y,x","m,h"
3268,0,"AM A+B,A",Grd,2,0,15,"y,x","m,h"
3269,0,"AM A+B,AA",Grd,2,0,15,"y,x, x","m,h,h"
3270,0,"AM A+B,AA",Grd,2,0,15,"y,x, x","m,h,h"
3271,0,"AM A+B,AAA",Grd,2,0,15,"y,x, x, x ","m,h,h,m"
3272,0,"AM A+B,AAA",Grd,2,0,15,"y,x, x, x ","m,h,h,m"
3273,0,"AM A+B,AB",Grd,2,0,15,"y,x, y","m,h,m"
3276,0,"AM A+B,AB",Grd,2,0,15,"y,x, y","m,h,m"
3279,0,"AM A+B,6A",Grd,10,0,15,"y,x","m,h"
3280,0,"AM A+B,6AA",Grd,10,0,15,"y,x, x","m,h, h"
3281,0,"AM A+B,2A",Grd,6,0,15,"y,x","m,sl"
3282,0,"AM A+B,2A",Grd,6,0,15,"y,x","m,sl"
3283,0,"AM A+B,2AK",Grd,6,0,15,"y,x","m,sl"
3284,0,"AM A+B,2AK",Grd,6,0,15,"y,x","m,sl"
3285,0,"AM A+B,2A6K",Grd,6,0,15,"y,x","m,sl"
3286,0,"AM A+B,2A6K",Grd,6,0,15,"y,x","m,sl"
3287,0,"AM A+B,2A4K",Grd,6,0,15,"y,x","m,sl"
3288,0,"AM A+B,2A4K",Grd,6,0,15,"y,x","m,sl"
3293,0,"AM A+B,B",Grd,6,0,15,"y,y","m,m"
3296,0,"AM A+B,B",Grd,6,0,15,"y,y","m,m"
3299,0,"AM A+B,BA",Grd,6,0,15,"y,y, x","m,m,h"
3302,0,"AM A+B,BA",Grd,6,0,15,"y,y, x","m,m,h"
3305,0,"AM A+B,BB",Grd,6,0,15,"y,y, y","m,m,m"
3308,0,"AM A+B,BB",Grd,6,0,15,"y,y, y","m,m,m"
3311,0,"AM A+B,BBB",Grd,6,0,15,"y,y, y, y","m,m,m,m"
3314,0,"AM A+B,BBB",Grd,6,0,15,"y,y, y, y","m,m,m,m"
3317,0,"AM A+B,BBK",Grd,6,0,15,"y,y, y","m,m,m"
3320,0,"AM A+B,BBK",Grd,6,0,15,"y,y, y","m,m,m"
3323,0,"AM A+B,BB6K",Grd,6,0,15,"y,y, y","m,m,m"
3326,0,"AM A+B,BB6K",Grd,6,0,15,"y,y, y","m,m,m"
3329,0,"AM A+B,BB4K",Grd,6,0,15,"y,y, y","m,m,m"
3332,0,"AM A+B,BB4K",Grd,6,0,15,"y,y, y","m,m,m"
3335,0,"AM A+B,b4",Grd,8,0,15,"y,y","m,m"
3338,0,"AM A+B,b4",Grd,8,0,15,"y,y","m,m"
3341,0,"AM A+B,6B",Grd,6,0,15,"y,y","m,m"
3342,0,"AM A+B,6B",Grd,6,0,15,"y,y","m,m"
3343,0,"AM A+B,6BA",Grd,6,0,15,"y,y, x","m,m, h"
3344,0,"AM A+B,6BA",Grd,6,0,15,"y,y, x","m,m, h"
3345,0,"AM A+B,6BaB",Grd,6,0,15,"y,y, y","m,m, m"
3348,0,"AM A+B,6BaB",Grd,6,0,15,"y,y, y","m,m, m"
3351,0,"AM A+B,6BB",Grd,6,0,15,"y,y, y","m,m, m"
3354,0,"AM A+B,6BB",Grd,6,0,15,"y,y, y","m,m, m"
3369,0,"AM A+B,2B",Grd,8,0,15,"y,y","m,m"
3370,0,"AM A+B,2B",Grd,8,0,15,"y,y","m,m"
3371,0,"AM A+B,2BB",Grd,8,0,15,"y,y, y","m,m,m"
3372,0,"AM A+B,2BB",Grd,8,0,15,"y,y, y","m,m,m"
3373,0,"AM A+B,2BBK",Grd,8,0,15,"y,y, y","m,m, m"
3374,0,"AM A+B,2BBK",Grd,8,0,15,"y,y, y","m,m, m"
3375,0,"AM A+B,2BB6K",Grd,8,0,15,"y,y, y","m,m, m"
3376,0,"AM A+B,2BB6K",Grd,8,0,15,"y,y, y","m,m, m"
3377,0,"AM A+B,2BB4K",Grd,8,0,15,"y,y, y","m,m, m"
3378,0,"AM A+B,2BB4K",Grd,8,0,15,"y,y, y","m,m, m"
3379,0,"AM A+B,1B",Grd,10,0,15,"y,y","m,l"
3382,0,"AM A+B,1BB",Grd,10,0,15,"y,y, y","m,l, h"
3405,0,"AM A+B,4A+B",Grd,10,0,15,"y,y","m,m"
3410,0,"AM A+B,sword B+K",Grd,10,0,15,"y,y","m,m"
3415,0,"AM A+B,A+B+K",Grd,6,0,15,"y,y","m,m"
3416,0,"AM A+B,A+B+K",Grd,6,0,15,"y,y","m,m"
3417,0,"AM A+B,fcA",Grd,6,0,15,"y,x","m,sl"
3418,0,"AM A+B,fcA",Grd,6,0,15,"y,x","m,sl"
3419,0,"AM A+B,fcAK",Grd,6,0,15,"y,x","m,sl"
3420,0,"AM A+B,fcAK",Grd,6,0,15,"y,x","m,sl"
3421,0,"AM A+B,fcA6K",Grd,6,0,15,"y,x","m,sl"
3422,0,"AM A+B,fcA6K",Grd,6,0,15,"y,x","m,sl"
3423,0,"AM A+B,fcA4K",Grd,6,0,15,"y,x","m,sl"
3424,0,"AM A+B,fcA4K",Grd,6,0,15,"y,x","m,sl"
3425,0,"AM A+B,fc3A",Grd,10,0,15,"y,x","m,h,h"
3426,0,"AM A+B,fc1A",Grd,8,0,15,"y,x","m,l"
3429,0,"AM A+B,fc1A",Grd,8,0,15,"y,x","m,l"
3432,0,"AM A+B,fcB",Grd,6,0,15,"y,y","m,m"
3435,0,"AM A+B,fcB",Grd,6,0,15,"y,y","m,m"
3438,0,"AM A+B,fc3B",Grd,8,0,15,"y,y","m,m"
3439,0,"AM A+B,fc3B",Grd,8,0,15,"y,y","m,m"
3440,0,"AM A+B,fc3BB",Grd,8,0,15,"y,y","m,m,m"
3441,0,"AM A+B,fc3BB",Grd,8,0,15,"y,y","m,m,m"
3442,0,"AM A+B,fc1B",Grd,4,0,15,"y,y","m,m"
3443,0,"AM A+B,fc1B",Grd,4,0,15,"y,y","m,m"
3444,0,"AM A+B,fcA+B",Grd,4,0,15,"y,y","m,m"
3445,0,"AM A+B,fcA+B",Grd,4,0,15,"y,y","m,m"
3446,0,"AM A+B,fcA+BK",Grd,4,0,15,"y,y","m,m"
3447,0,"AM A+B,fcA+BK",Grd,4,0,15,"y,y","m,m"
3448,0,"AM A+B,fcA+B6K",Grd,4,0,15,"y,y","m,m"
3449,0,"AM A+B,fcA+B6K",Grd,4,0,15,"y,y","m,m"
3450,0,"AM A+B,fcA+B4K",Grd,4,0,15,"y,y","m,m"
3451,0,"AM A+B,fcA+B4K",Grd,4,0,15,"y,y","m,m"
3452,0,"AM A+B,wsA",Grd,10,0,15,"y,x","m,m"
3453,0,"AM A+B,wsB",Grd,6,0,15,"y,y","m,m"
3454,0,"AM A+B,wsB",Grd,6,0,15,"y,y","m,m"
3455,0,"AM A+B,wsBB",Grd,6,0,15,"y,y, y","m,m,m"
3456,0,"AM A+B,wsBB",Grd,6,0,15,"y,y, y","m,m,m"
3489,0,"AM A+B,BT A",Grd,6,0,15,"y,x","m,h"
3490,0,"AM A+B,BT A",Grd,6,0,15,"y,x","m,h"
3491,0,"AM A+B,BT 2A",Grd,6,0,15,"y,x","m,sl"
3492,0,"AM A+B,BT 2A",Grd,6,0,15,"y,x","m,sl"
3493,0,"AM A+B,BT B",Grd,8,0,15,"y,y","m,m"
3494,0,"AM A+B,BT B",Grd,8,0,15,"y,y","m,m"
3495,0,"AM A+B,BT 2B",Grd,8,0,15,"y,y","m,m"
3496,0,"AM A+B,BT 2B",Grd,8,0,15,"y,y","m,m"
3531,0,"AM A+B,A+G",Grd,10,0,15,"y,x","m,h"
3532,0,"AM A+B,4A+G",Grd,10,0,15,"y,x","m,h"
3533,0,"AM A+B,BT A+G",Grd,10,0,15,"y,x","m,h"
3534,0,"AM A+B,A+G miss",Grd,10,0,15,"y,x","m,h"
3535,0,"AM A+B,4A+G miss",Grd,10,0,15,"y,x","m,h"
3536,0,"AM A+B,BT A+G miss",Grd,10,0,15,"y,x","m,h"
4056,0,"214A+B,A",Grd,5,0,0,"y,x","m,h"
4059,0,"214A+B,A",Grd,5,0,0,"y,x","m,h"
4062,0,"214A+B,AA",Grd,5,0,0,"y,x, x","m,h,h"
4065,0,"214A+B,AA",Grd,5,0,0,"y,x, x","m,h,h"
4068,0,"214A+B,AAA",Grd,5,0,0,"y,x, x, x ","m,h,h,m"
4071,0,"214A+B,AAA",Grd,5,0,0,"y,x, x, x ","m,h,h,m"
4074,0,"214A+B,AB",Grd,5,0,0,"y,x, y","m,h,m"
4077,0,"214A+B,AB",Grd,5,0,0,"y,x, y","m,h,m"
4080,0,"214A+B,2A",Grd,9,0,0,"y,x","m,sl"
4083,0,"214A+B,2A",Grd,9,0,0,"y,x","m,sl"
4086,0,"214A+B,2AK",Grd,9,0,0,"y,x","m,sl"
4089,0,"214A+B,2AK",Grd,9,0,0,"y,x","m,sl"
4092,0,"214A+B,2A6K",Grd,9,0,0,"y,x","m,sl"
4095,0,"214A+B,2A6K",Grd,9,0,0,"y,x","m,sl"
4098,0,"214A+B,2A4K",Grd,9,0,0,"y,x","m,sl"
4101,0,"214A+B,2A4K",Grd,9,0,0,"y,x","m,sl"
4104,0,"214A+B,B",Grd,9,0,0,"y,y","m,m"
4107,0,"214A+B,B",Grd,9,0,0,"y,y","m,m"
4110,0,"214A+B,BA",Grd,9,0,0,"y,y, x","m,m,h"
4113,0,"214A+B,BA",Grd,9,0,0,"y,y, x","m,m,h"
4116,0,"214A+B,BB",Grd,9,0,0,"y,y, y","m,m,m"
4119,0,"214A+B,BB",Grd,9,0,0,"y,y, y","m,m,m"
4122,0,"214A+B,BBB",Grd,9,0,0,"y,y, y, y","m,m,m,m"
4125,0,"214A+B,BBB",Grd,9,0,0,"y,y, y, y","m,m,m,m"
4128,0,"214A+B,BBK",Grd,9,0,0,"y,y, y","m,m,m"
4131,0,"214A+B,BBK",Grd,9,0,0,"y,y, y","m,m,m"
4134,0,"214A+B,BB6K",Grd,9,0,0,"y,y, y","m,m,m"
4137,0,"214A+B,BB6K",Grd,9,0,0,"y,y, y","m,m,m"
4140,0,"214A+B,BB4K",Grd,9,0,0,"y,y, y","m,m,m"
4143,0,"214A+B,BB4K",Grd,9,0,0,"y,y, y","m,m,m"
4146,0,"214A+B,b4",Grd,11,0,0,"y,y","m,m"
4149,0,"214A+B,6B",Grd,9,0,0,"y,y","m,m"
4152,0,"214A+B,6B",Grd,9,0,0,"y,y","m,m"
4155,0,"214A+B,6BA",Grd,9,0,0,"y,y, x","m,m, h"
4158,0,"214A+B,6BA",Grd,9,0,0,"y,y, x","m,m, h"
4161,0,"214A+B,6BaB",Grd,9,0,0,"y,y, y","m,m, m"
4164,0,"214A+B,6BaB",Grd,9,0,0,"y,y, y","m,m, m"
4167,0,"214A+B,6BB",Grd,9,0,0,"y,y, y","m,m, m"
4170,0,"214A+B,6BB",Grd,9,0,0,"y,y, y","m,m, m"
4173,0,"214A+B,2B",Grd,11,0,0,"y,y","m,m"
4176,0,"214A+B,2BB",Grd,11,0,0,"y,y, y","m,m,m"
4179,0,"214A+B,2BBK",Grd,11,0,0,"y,y, y","m,m, m"
4182,0,"214A+B,2BB6K",Grd,11,0,0,"y,y, y","m,m, m"
4185,0,"214A+B,2BB4K",Grd,11,0,0,"y,y, y","m,m, m"
4188,0,"214A+B,A+B+K",Grd,9,0,0,"y,y","m,m"
4191,0,"214A+B,A+B+K",Grd,9,0,0,"y,y","m,m"
4194,0,"214A+B,fcA",Grd,9,0,0,"y,x","m,sl"
4197,0,"214A+B,fcA",Grd,9,0,0,"y,x","m,sl"
4200,0,"214A+B,fcAK",Grd,9,0,0,"y,x","m,sl"
4203,0,"214A+B,fcAK",Grd,9,0,0,"y,x","m,sl"
4206,0,"214A+B,fcA6K",Grd,9,0,0,"y,x","m,sl"
4209,0,"214A+B,fcA6K",Grd,9,0,0,"y,x","m,sl"
4212,0,"214A+B,fcA4K",Grd,9,0,0,"y,x","m,sl"
4215,0,"214A+B,fcA4K",Grd,9,0,0,"y,x","m,sl"
4218,0,"214A+B,fc1A",Grd,11,0,0,"y,x","m,l"
4221,0,"214A+B,fcB",Grd,9,0,0,"y,y","m,m"
4224,0,"214A+B,fcB",Grd,9,0,0,"y,y","m,m"
4227,0,"214A+B,fc3B",Grd,11,0,0,"y,y","m,m"
4230,0,"214A+B,fc3BB",Grd,11,0,0,"y,y","m,m,m"
4233,0,"214A+B,fc1B",Grd,7,0,0,"y,y","m,m"
4236,0,"214A+B,fc1B",Grd,7,0,0,"y,y","m,m"
4239,0,"214A+B,fcA+B",Grd,7,0,0,"y,y","m,m"
4242,0,"214A+B,fcA+B",Grd,7,0,0,"y,y","m,m"
4245,0,"214A+B,fcA+BK",Grd,7,0,0,"y,y","m,m"
4248,0,"214A+B,fcA+BK",Grd,7,0,0,"y,y","m,m"
4251,0,"214A+B,fcA+B6K",Grd,7,0,0,"y,y","m,m"
4254,0,"214A+B,fcA+B6K",Grd,7,0,0,"y,y","m,m"
4257,0,"214A+B,fcA+B4K",Grd,7,0,0,"y,y","m,m"
4260,0,"214A+B,fcA+B4K",Grd,7,0,0,"y,y","m,m"
4263,0,"214A+B,wsB",Grd,9,0,0,"y,y","m,m"
4266,0,"214A+B,wsB",Grd,9,0,0,"y,y","m,m"
4269,0,"214A+B,wsBB",Grd,9,0,0,"y,y, y","m,m,m"
4272,0,"214A+B,wsBB",Grd,9,0,0,"y,y, y","m,m,m"
4275,0,"214A+B,BT A",Grd,9,0,0,"y,x","m,h"
4278,0,"214A+B,BT A",Grd,9,0,0,"y,x","m,h"
4281,0,"214A+B,BT 2A",Grd,9,0,0,"y,x","m,sl"
4284,0,"214A+B,BT 2A",Grd,9,0,0,"y,x","m,sl"
4287,0,"214A+B,BT B",Grd,11,0,0,"y,y","m,m"
4290,0,"214A+B,BT 2B",Grd,11,0,0,"y,y","m,m"
8396,0,"B,A",Grd,10,0,15,"y,x","m,h"
8397,0,"B,AA",Grd,10,0,15,"y,x, x","m,h,h"
8398,0,"B,AAA",Grd,10,0,15,"y,x, x, x ","m,h,h,m"
8399,0,"B,AB",Grd,10,0,15,"y,x, y","m,h,m"
